AgentID,Name,PhoneNumber,Email
1,Lai Metzger,4751589800,laimetzger@example.com
2,The Heather Crabtree Team,9598681582,theheathercrabtreeteam@example.com
3,Rosemary Jacob,9593742124,rosemaryjacob@example.com
4,Carl A Lantz,8604321236,carlalantz@example.com
5,Greg Frey,4759644806,gregfrey@example.com
6,Ellen Seifts,4751030891,ellenseifts@example.com
7,Penny Woodford,2031190745,pennywoodford@example.com
8,Lisa A Ogren,8602629120,lisaaogren@example.com
9,Evan L Berman,9590048141,evanlberman@example.com
10,Timothy H Kronk,2032497690,timothyhkronk@example.com
11,Bill S Mamak,8602839066,billsmamak@example.com
12,Scott A Bayne,9590297196,scottabayne@example.com
13,Deborah Northrop,4752579580,deborahnorthrop@example.com
14,Sally C Albrecht,2032129951,sallycalbrecht@example.com
15,Elizabeth Peling,4755165879,elizabethpeling@example.com
16,Karina Capanna,2030895188,karinacapanna@example.com
17,Laura Minster,9591169597,lauraminster@example.com
18,Julie Sirois,2034247392,juliesirois@example.com
19,Janet Laviero,8608026989,janetlaviero@example.com
20,Allison Hughes,8602776225,allisonhughes@example.com
21,Matthew Carreras,8605369851,matthewcarreras@example.com
22,Kelsey Emmons,8608924976,kelseyemmons@example.com
23,Margo A Ross,4758346806,margoaross@example.com
24,Raeann Cost,9596425431,raeanncost@example.com
25,Jenny A Reyes,9597322092,jennyareyes@example.com
26,The Trish Murphy Team,8604177201,thetrishmurphyteam@example.com
27,Louis Roy Evjen,4754494341,louisroyevjen@example.com
28,Daniel Czyzewski,9599352545,danielczyzewski@example.com
29,Team Rio of Executive Real Estate,4752991906,teamrioofexecutiverealestate@example.com
30,Elaine Pavasaris,8601821975,elainepavasaris@example.com
31,Lisa Fagan,8608307697,lisafagan@example.com
32,Flamur Canaj,2034405400,flamurcanaj@example.com
33,The Generations Team of Keller Williams Legacy Partners,4756847354,thegenerationsteamofkellerwilliamslegacypartners@example.com
34,Steven C Durant,9599123691,stevencdurant@example.com
35,Stacy King,9599675078,stacyking@example.com
36,Maria L Latina,2035233517,mariallatina@example.com
37,Justin Frytz,8602685715,justinfrytz@example.com
38,Sally Eigenraam,8604354594,sallyeigenraam@example.com
39,George M Sznaj,2036470738,georgemsznaj@example.com
40,Gary L Brummett,2033298194,garylbrummett@example.com
41,Nina F Jankowski,8606336587,ninafjankowski@example.com
42,Chris B Rose,8609851765,chrisbrose@example.com
43,Jolanta Stachowski,8605378530,jolantastachowski@example.com
44,Dana L Flanagan,2030534951,danalflanagan@example.com
45,Michael Willin,4750819649,michaelwillin@example.com
46,Teresa Vitelli,9597346476,teresavitelli@example.com
47,Cathleen B Hall,9590277112,cathleenbhall@example.com
48,Leslie Blaser,8602318993,leslieblaser@example.com
49,Michael H Barnes,9591478171,michaelhbarnes@example.com
50,Joanne Alfieri,2034261612,joannealfieri@example.com
51,Lauren Freedman,8609509238,laurenfreedman@example.com
52,Patricia M DiMugno,4755709558,patriciamdimugno@example.com
53,Michael DiBenigno,2035570261,michaeldibenigno@example.com
54,MJ Agostini,2030752802,mjagostini@example.com
55,Richard Tirado,2031816466,richardtirado@example.com
56,Andrew Koczon,2038772388,andrewkoczon@example.com
57,Ella Ellis,2038322058,ellaellis@example.com
58,Joe M Coelho,4756921930,joemcoelho@example.com
59,Julia Cordos,8607744276,juliacordos@example.com
60,Angie Santoro,4753281515,angiesantoro@example.com
61,Hillary L Calhoun,2039755590,hillarylcalhoun@example.com
62,Cindy Wagner,2035558573,cindywagner@example.com
63,Sheila M Rittman,2038318372,sheilamrittman@example.com
64,Rebecca A Davis,8609818751,rebeccaadavis@example.com
65,Steven J Wollman,8606165418,stevenjwollman@example.com
66,Jeffrey Palumbo,9597574195,jeffreypalumbo@example.com
67,Cathy Poehler,9594689731,cathypoehler@example.com
68,Susan P Hermanson,8600342099,susanphermanson@example.com
69,Roberta B Kramer,8603974159,robertabkramer@example.com
70,Derek E Jutras,4759406709,derekejutras@example.com
71,Susan Queno,2039044028,susanqueno@example.com
72,The Robin Morrell Team,2031078542,therobinmorrellteam@example.com
73,Joe R Snell,2035082851,joersnell@example.com
74,Ryan D Smith,8608756012,ryandsmith@example.com
75,Kevin D Rockoff,4752982503,kevindrockoff@example.com
76,Daniel L Stocker,9592420626,daniellstocker@example.com
77,Iconn Team at Keller Williams Legacy Partners,9592502367,iconnteamatkellerwilliamslegacypartners@example.com
78,Sherina C Baker,8603037741,sherinacbaker@example.com
79,Angela Espinoza,8603363427,angelaespinoza@example.com
80,Gregory E Heineman,8603196670,gregoryeheineman@example.com
81,TEAM GABRIEL AT COLDWELL BANKER REALTY,9597960964,teamgabrielatcoldwellbankerrealty@example.com
82,Ed L Williams,2038494019,edlwilliams@example.com
83,Elaine Abouakar,9594418809,elaineabouakar@example.com
84,Edbiko Elysee,2035406761,edbikoelysee@example.com
85,Marshall + OstopTeam at William Raveis Real Estate,8606131020,marshall+ostopteamatwilliamraveisrealestate@example.com
86,Sherry Price,2037341080,sherryprice@example.com
87,Gregory Clancy,2031993540,gregoryclancy@example.com
88,Ron Vliet,9591055497,ronvliet@example.com
89,Amaryllis Morales,9591974698,amaryllismorales@example.com
90,Brooke Team,9594370441,brooketeam@example.com
91,Belinda Sadiku,8604535794,belindasadiku@example.com
92,Nancy B Reardon,9598962764,nancybreardon@example.com
93,Derrick Robinson,9593394142,derrickrobinson@example.com
94,Jeannette Westwood,4754874532,jeannettewestwood@example.com
95,Anabela O Dasilva,2038637513,anabelaodasilva@example.com
96,Andrew F Johnson,4750397021,andrewfjohnson@example.com
97,Yahira L Rodriguez,4759158030,yahiralrodriguez@example.com
98,Lucy Cordero,4754657268,lucycordero@example.com
99,Brian Burke,4751248292,brianburke@example.com
100,Garth Wallen,8608298367,garthwallen@example.com
101,Cassandra Francois,2034900378,cassandrafrancois@example.com
102,Joseph Marrero II,9590278320,josephmarreroii@example.com
103,Mike Trinh,8602645173,miketrinh@example.com
104,Ian Linton,2038867024,ianlinton@example.com
105,Benita A Reaves,4756407256,benitaareaves@example.com
106,Paula Orange,8603726537,paulaorange@example.com
107,Trevor R Parris,4752370022,trevorrparris@example.com
108,Raymond L Malcolm,9592112854,raymondlmalcolm@example.com
109,Shelby J Maybin,8600492906,shelbyjmaybin@example.com
110,Canvas Collection Group,9593990407,canvascollectiongroup@example.com
111,White Door Team at Keller Williams Legacy Partners,4753073974,whitedoorteamatkellerwilliamslegacypartners@example.com
112,Bobbi Mathues,9597715122,bobbimathues@example.com
113,Robert D Lang,8601259879,robertdlang@example.com
114,Kristin J Dubois,4758389824,kristinjdubois@example.com
115,Alicia Zawila,9592751618,aliciazawila@example.com
116,Patrick Briggs,8608067147,patrickbriggs@example.com
117,Livian Team at Keller Williams Legacy Partners,4756753256,livianteamatkellerwilliamslegacypartners@example.com
118,Starr Team At Keller Williams Legacy Partners,4752645670,starrteamatkellerwilliamslegacypartners@example.com
119,Edward L Reyngoudt,2033192857,edwardlreyngoudt@example.com
120,Kaitlyn E Richard,9594429260,kaitlynerichard@example.com
121,John R Lepore,4751899686,johnrlepore@example.com
122,Melania Hasiuk,8603198265,melaniahasiuk@example.com
123,Julie Corrado,8605997593,juliecorrado@example.com
124,Christina Patchell,8609109498,christinapatchell@example.com
125,The Team at Rovi Homes,8605864811,theteamatrovihomes@example.com
126,Todd Doyle,8604381044,todddoyle@example.com
127,Karl Chapman,8602143995,karlchapman@example.com
128,Timothy Faucher,2034554140,timothyfaucher@example.com
129,Annie Chong,4754222999,anniechong@example.com
130,Pamela Spica,4759294836,pamelaspica@example.com
131,Keri and Sarah Team at William Raveis Real Estate,4755111791,keriandsarahteamatwilliamraveisrealestate@example.com
132,Megan M Rosol,4754045249,meganmrosol@example.com
133,Margaret Leicach,2033966757,margaretleicach@example.com
134,Antoinette V Gooley,4758967807,antoinettevgooley@example.com
135,Stacey Costanzo,8602599298,staceycostanzo@example.com
136,Abbe Friedman,4758220781,abbefriedman@example.com
137,Joanne K Hoye,4752374856,joannekhoye@example.com
138,Matt R Christie,2038661123,mattrchristie@example.com
139,Lisa C Barall-Matt,8606783605,lisacbarall-matt@example.com
140,Erica Nunley,9594179869,ericanunley@example.com
141,Lynn C Toper,9598426286,lynnctoper@example.com
142,Samuel Sylvia,2031633706,samuelsylvia@example.com
143,Deirdre M Froh,2033395759,deirdremfroh@example.com
144,Gina E Beiser,4759166865,ginaebeiser@example.com
145,Lori A Macgowan,4759983266,loriamacgowan@example.com
146,J.Boswell Team at EXP Realty,9593979255,j.boswellteamatexprealty@example.com
147,Alexis Rivera,9599267314,alexisrivera@example.com
148,Donald W Fish,4759402523,donaldwfish@example.com
149,Joe Sciarra,8609324706,joesciarra@example.com
150,Stacy A Rakus,8607987773,stacyarakus@example.com
151,Burgio Sousa Team at William Raveis,2031437405,burgiosousateamatwilliamraveis@example.com
152,Shawnna L Kelly,4757644500,shawnnalkelly@example.com
153,Wojtek Borowski,4757993865,wojtekborowski@example.com
154,Jeff Coleman,4752288691,jeffcoleman@example.com
155,Julie E Lemos,8609878304,julieelemos@example.com
156,Steven Joseph Inghilterra,2033995263,stevenjosephinghilterra@example.com
157,Lisa A McCarthy,8609955169,lisaamccarthy@example.com
158,Sandra L Lindstrom,9599818786,sandrallindstrom@example.com
159,Lea Trueblood,8602618341,leatrueblood@example.com
160,Michael Calabro,2036022860,michaelcalabro@example.com
161,Patrick Pathammavong,9591925881,patrickpathammavong@example.com
162,Carl J Guild,8602406184,carljguild@example.com
163,Douglas Wenz,2032827392,douglaswenz@example.com
164,Michael C Grady,9598844433,michaelcgrady@example.com
165,Robert W Paskiewicz,8607906056,robertwpaskiewicz@example.com
166,Sharon Carducci,8602103298,sharoncarducci@example.com
167,Adriana Burgos,8607902916,adrianaburgos@example.com
168,Naima Mazouzi,8602779226,naimamazouzi@example.com
169,Tamara E Varney,8609147304,tamaraevarney@example.com
170,Pam B Rizy,8601064858,pambrizy@example.com
171,Jody L Smaglis,9592407410,jodylsmaglis@example.com
172,Joyce E D'angelo,2035191422,joyceed'angelo@example.com
173,Deborah D Hagel,2039257594,deborahdhagel@example.com
174,Warren P Juall,8602307114,warrenpjuall@example.com
175,Robert Jordan,9590928388,robertjordan@example.com
176,Brian Pastuszak,8601934396,brianpastuszak@example.com
177,Michelle Pirruccio,4756242686,michellepirruccio@example.com
178,John Kachulis,8600700771,johnkachulis@example.com
179,Lisa H Bowman,8600568429,lisahbowman@example.com
180,Marilyn Rossi,8605835038,marilynrossi@example.com
181,Rick Galarza,4754935021,rickgalarza@example.com
182,Vinod M Modi,4754535651,vinodmmodi@example.com
183,Florinda Loga,8607799060,florindaloga@example.com
184,Maddy Diaz,4754052649,maddydiaz@example.com
185,Lizette Jimenez,9592792758,lizettejimenez@example.com
186,Crystal M Gebhardt,9598427920,crystalmgebhardt@example.com
187,Carlos Hudson,9595129913,carloshudson@example.com
188,CT East Home Team,8604503993,cteasthometeam@example.com
189,Linet Cuadros,9593528476,linetcuadros@example.com
190,Lisette S Roberts,9590812627,lisettesroberts@example.com
191,Derek Greene,8607024051,derekgreene@example.com
192,Felix P Duverger,9596538201,felixpduverger@example.com
193,Joseph Malone,2033851466,josephmalone@example.com
194,Catherine Colletti,4751325244,catherinecolletti@example.com
195,Lindsay Fernandez,2033038835,lindsayfernandez@example.com
196,Ruth Chandler,8607739728,ruthchandler@example.com
197,David J Lemkuil,8602680784,davidjlemkuil@example.com
198,Rose M Canha,9599624633,rosemcanha@example.com
199,Mahadeo Ajodhi,4752006194,mahadeoajodhi@example.com
200,Ela Heselton,9592036734,elaheselton@example.com
201,Robert F Rosa,2035426868,robertfrosa@example.com
202,Michael Garcarz,2034650906,michaelgarcarz@example.com
203,Scott D Sasinouski,8601332190,scottdsasinouski@example.com
204,The Zubretsky Team at Venture One Realty,9590155454,thezubretskyteamatventureonerealty@example.com
205,Doaa Ammar,4752306869,doaaammar@example.com
206,Margaret Wilcox Team,9597659775,margaretwilcoxteam@example.com
207,Jean McAllister,4751473367,jeanmcallister@example.com
208,Brian Zenobi,9593480810,brianzenobi@example.com
209,Dennis Bok,8605696921,dennisbok@example.com
210,Alicia Mercer,9591411822,aliciamercer@example.com
211,Sommala Khoxayo,2035779723,sommalakhoxayo@example.com
212,Robert Perriello,4758227025,robertperriello@example.com
213,Nankumar Nemdharie,4753976545,nankumarnemdharie@example.com
214,Nathalee A Golden,8602912481,nathaleeagolden@example.com
215,Roselyn Gyampoh,4755261003,roselyngyampoh@example.com
216,Jonathan D Gineo,9591723715,jonathandgineo@example.com
217,Lynnie Thai,8607217840,lynniethai@example.com
218,Thomas W Hulk,4758907215,thomaswhulk@example.com
219,Ben Castonguay,4758359370,bencastonguay@example.com
220,Felicia Otoo,9597041238,feliciaotoo@example.com
221,Patricia Kilpatrick,4759943637,patriciakilpatrick@example.com
222,Melecia Hinds,4754408105,meleciahinds@example.com
223,Devante A Roman,4751835761,devantearoman@example.com
224,Miguel A Castellon,4752305193,miguelacastellon@example.com
225,Sherry Borgeson,4753342522,sherryborgeson@example.com
226,Obed Siawor,4755770357,obedsiawor@example.com
227,Ilka D Torres,8600235622,ilkadtorres@example.com
228,Hala Hanna,8602504591,halahanna@example.com
229,Peter James,4756805246,peterjames@example.com
230,Lisa M Hutt,4759950376,lisamhutt@example.com
231,Pam Moriarty,2036327703,pammoriarty@example.com
232,Franklin Osei-Assibey,9592790780,franklinosei-assibey@example.com
233,Alison Malkin,8602012851,alisonmalkin@example.com
234,Martin Torres,8607448635,martintorres@example.com
235,Maria S Aubey,9598876939,mariasaubey@example.com
236,Kathy P Urbanetti,8601028868,kathypurbanetti@example.com
237,Jordana S Fournier,4755727491,jordanasfournier@example.com
238,Ivan Trenado-Verduzco,9595890478,ivantrenado-verduzco@example.com
239,Nathan Alexander,8605892933,nathanalexander@example.com
240,Katrina A Pratt,2034846846,katrinaapratt@example.com
241,Feery Team at Berkshire Hathaway HomeSerivices New England Properties,4758839638,feeryteamatberkshirehathawayhomeserivicesnewenglandproperties@example.com
242,Lisa D Daniels,8607520483,lisaddaniels@example.com
243,Barrett Daly Team at Berkshire Hathaway HomeServices New England Properties,9594777497,barrettdalyteamatberkshirehathawayhomeservicesnewenglandproperties@example.com
244,norman s S Hamilton,9594433939,normansshamilton@example.com
245,Lisa Trombly,9592351365,lisatrombly@example.com
246,Harrison Amadasun,2036649286,harrisonamadasun@example.com
247,Noreen A Philbin,8601002874,noreenaphilbin@example.com
248,Lynne M Metevier,2030120105,lynnemmetevier@example.com
249,Sheneen Williams,4754839357,sheneenwilliams@example.com
250,Johnny Arroyo,9596202524,johnnyarroyo@example.com
251,The Mike Robinson Team,8606726684,themikerobinsonteam@example.com
252,Tony S Marques,9598544137,tonysmarques@example.com
253,Daeson Benjamin,8605974539,daesonbenjamin@example.com
254,Nadia Arias,2036626270,nadiaarias@example.com
255,Kathleen M Sitek,9599730017,kathleenmsitek@example.com
256,Davonne K Biggins,4754672638,davonnekbiggins@example.com
257,Richard Santasiere,9599785768,richardsantasiere@example.com
258,Marc Labrie,9597725838,marclabrie@example.com
259,Andrea Rodriguez,8602992146,andrearodriguez@example.com
260,Sonia Peck,2033757504,soniapeck@example.com
261,Scott C Nardozzi,2039917098,scottcnardozzi@example.com
262,Kelsey Roberts,9590321968,kelseyroberts@example.com
263,Philip Ledwith,4757265174,philipledwith@example.com
264,Anita M Morrison,4755394750,anitammorrison@example.com
265,Paul Cutler,8602390427,paulcutler@example.com
266,Frank J Bill,2034942627,frankjbill@example.com
267,Linda B Johnson,9599163151,lindabjohnson@example.com
268,Nellie Legrand,2036397161,nellielegrand@example.com
269,Jennifer Garcia,9591633619,jennifergarcia@example.com
270,Shanelle Pinder,2035813908,shanellepinder@example.com
271,Vincent L Diana,2031283050,vincentldiana@example.com
272,Chancel M McCarthy,2032835815,chancelmmccarthy@example.com
273,Terence Dominick,8606138211,terencedominick@example.com
274,Miale Team at Keller Williams Legacy Partners,8609258246,mialeteamatkellerwilliamslegacypartners@example.com
275,Erin Anderson,9591601174,erinanderson@example.com
276,Coreen L Margnelli,8603606424,coreenlmargnelli@example.com
277,Peter J Vamvilis,9590828880,peterjvamvilis@example.com
278,Peter R Graham,9593720347,peterrgraham@example.com
279,Mark Mermelstein,4754839906,markmermelstein@example.com
280,Sharon L Stokland,8606309891,sharonlstokland@example.com
281,Maria Hagan,9599644064,mariahagan@example.com
282,Joey Robles,4754676009,joeyrobles@example.com
283,Steven A Kennedy,8607605135,stevenakennedy@example.com
284,Daniel Alvarado,9593359452,danielalvarado@example.com
285,Carol Wanat,8606706869,carolwanat@example.com
286,Debbie McDonald-Vanoni,8608108208,debbiemcdonald-vanoni@example.com
287,The Bell Team at Berkshire Hathaway Homeservices New England Properties,9594046906,thebellteamatberkshirehathawayhomeservicesnewenglandproperties@example.com
288,Elizabeth A Doll,4752227793,elizabethadoll@example.com
289,Linda M Lohnes,9598592249,lindamlohnes@example.com
290,Pamela A Broderick,2030156388,pamelaabroderick@example.com
291,Bob La Perla,8602795864,boblaperla@example.com
292,Barry Wolfgang,4757469286,barrywolfgang@example.com
293,Denise A Reale,9594224864,deniseareale@example.com
294,Lauren M Spina,8602540760,laurenmspina@example.com
295,Christy L Lofstrom,9593154000,christyllofstrom@example.com
296,Craig Ings,4756325734,craigings@example.com
297,Yessenia Masias,2038785204,yesseniamasias@example.com
298,Jennifer Gurnell,2030066965,jennifergurnell@example.com
299,Shelby S Muraski,8605871459,shelbysmuraski@example.com
300,Garey Allen,2035706232,gareyallen@example.com
301,Nicole M Defrancesco,8601784478,nicolemdefrancesco@example.com
302,Ranee Bibisi,4756480241,raneebibisi@example.com
303,Amber M Everin,9593970668,ambermeverin@example.com
304,James McCabe,2038887961,jamesmccabe@example.com
305,Chelsea A Daley,8604387867,chelseaadaley@example.com
306,Steve Travali,4758595361,stevetravali@example.com
307,Frederick Ferguson,9599363749,frederickferguson@example.com
308,Angela Aiello,8602230622,angelaaiello@example.com
309,Sue Esposito,9598045864,sueesposito@example.com
310,Mark T Massaro,9591767749,marktmassaro@example.com
311,Jeffrey A Rothman,2037700538,jeffreyarothman@example.com
312,Beverly Rodriguez,4759672872,beverlyrodriguez@example.com
313,Jose S Acosta,4759683170,josesacosta@example.com
314,Marti Correia,9592548165,marticorreia@example.com
315,Eileen M Mannarino,8602720786,eileenmmannarino@example.com
316,Cardinal Team At Berkshire Hathaway Home Services New England Properties,2031925186,cardinalteamatberkshirehathawayhomeservicesnewenglandproperties@example.com
317,I Victor Espinoza,9592110128,ivictorespinoza@example.com
318,Maria G Esposito,9599058399,mariagesposito@example.com
319,Ryan Peterson,4758992321,ryanpeterson@example.com
320,Stacyann Chambers-Ferguson,8604243926,stacyannchambers-ferguson@example.com
321,Mirtha P Garcia,8606285216,mirthapgarcia@example.com
322,Lori Gabriel,8608624150,lorigabriel@example.com
323,James Knurek,4758152082,jamesknurek@example.com
324,Thomas Mitchell,4751290447,thomasmitchell@example.com
325,Ricky D Ramsey,4752325040,rickydramsey@example.com
326,Anthony E Quintiliani,4757996423,anthonyequintiliani@example.com
327,Victoria L Clark,8603300012,victorialclark@example.com
328,Theodore Hansen,4751579450,theodorehansen@example.com
329,Kathleen Sarno,2036294638,kathleensarno@example.com
330,Richard F Corrado,2033009242,richardfcorrado@example.com
331,Jay W Madigan,9597495104,jaywmadigan@example.com
332,Lisa Rinaldini,8604332274,lisarinaldini@example.com
333,Suzy Couture,9597499773,suzycouture@example.com
334,Tim Fortune,4756827274,timfortune@example.com
335,JZ3 Zubretsky III,4759996482,jz3zubretskyiii@example.com
336,David Merrigan,8601538113,davidmerrigan@example.com
337,Xavier Nguyen,4752424918,xaviernguyen@example.com
338,Jessica G Martin,4750543527,jessicagmartin@example.com
339,JEN WILSON HOME TEAM,8600735103,jenwilsonhometeam@example.com
340,Nelson Foss,9591265088,nelsonfoss@example.com
341,Christopher Davis,9592187135,christopherdavis@example.com
342,Aimee Nieroda,4750084696,aimeenieroda@example.com
343,Lori Cotter,8607975066,loricotter@example.com
344,Deb Woodard,8602066789,debwoodard@example.com
345,THE ODALYS SALES TEAM OF COLDWELL BANKER REALTY,8607192036,theodalyssalesteamofcoldwellbankerrealty@example.com
346,Rick Berkenstock,8607895193,rickberkenstock@example.com
347,Renee Meuse Lovley,8607595059,reneemeuselovley@example.com
348,Matt DeLucia,9594898566,mattdelucia@example.com
349,Tanicia Ogungbemiro,2037998836,taniciaogungbemiro@example.com
350,Paul J Stepka,8601738198,pauljstepka@example.com
351,Julie Nearing,4754776186,julienearing@example.com
352,Dana Fortin,8603516194,danafortin@example.com
353,Diane Lattarulo,4750753937,dianelattarulo@example.com
354,Carla B Presz,8604181726,carlabpresz@example.com
355,Edward Siebert,2034137599,edwardsiebert@example.com
356,Ed B Behmke,8605776552,edbbehmke@example.com
357,Nadia Kachwaha,2035071771,nadiakachwaha@example.com
358,Stacey A Berkman,2038909757,staceyaberkman@example.com
359,Rob Giuffria,2037249892,robgiuffria@example.com
360,Lauren Sells Team at Keller Williams Legacy Partners,8604731946,laurensellsteamatkellerwilliamslegacypartners@example.com
361,Jennifer Pomichter,2039624723,jenniferpomichter@example.com
362,Lisa A Sweeney,9593945711,lisaasweeney@example.com
363,Marcy D'angelo,8605249600,marcyd'angelo@example.com
364,Isabella A Martins,9594693376,isabellaamartins@example.com
365,Kathy Geryk,8607836246,kathygeryk@example.com
366,Heidi Lester Team,2032088398,heidilesterteam@example.com
367,Sabrina McIntyre,2034466418,sabrinamcintyre@example.com
368,Premiere Home Team At William Raveis Real Estate,4758730164,premierehometeamatwilliamraveisrealestate@example.com
369,Ralph T Riccio,2033846483,ralphtriccio@example.com
370,Carrie Korenkiewicz,8608538240,carriekorenkiewicz@example.com
371,Michael A Thompson,2036314515,michaelathompson@example.com
372,Barry C Mackiewicz,8602081492,barrycmackiewicz@example.com
373,Pasquale J Funaro,2038171252,pasqualejfunaro@example.com
374,Aleksandra O'connor,8602676739,aleksandrao'connor@example.com
375,Margo Mikunda,4756771011,margomikunda@example.com
376,Betsy L Purtell,4756745863,betsylpurtell@example.com
377,Russ Majancik,9591289397,russmajancik@example.com
378,Bonnie Collins,4753220169,bonniecollins@example.com
379,Zina Planeta,2039740351,zinaplaneta@example.com
380,ANDERSON TEAM AT WILLIAM RAVEIS REAL ESTATE,8609655668,andersonteamatwilliamraveisrealestate@example.com
381,Angela Holland,2038605042,angelaholland@example.com
382,Thomas Walsh,2039528432,thomaswalsh@example.com
383,Melissa Kiehl,2036432472,melissakiehl@example.com
384,Linda K Muraski,9591126738,lindakmuraski@example.com
385,Richie Beaumont,8604837861,richiebeaumont@example.com
386,Sam Mansur,8607365266,sammansur@example.com
387,Steve W Temple,8609704586,stevewtemple@example.com
388,The Luxe Group,8601396052,theluxegroup@example.com
389,Anthony La Penna,2035526823,anthonylapenna@example.com
390,Emily Ford,2038849288,emilyford@example.com
391,Bodeau Team of William Raveis Real Estate,9591908545,bodeauteamofwilliamraveisrealestate@example.com
392,Mark Riesbeck,8605832496,markriesbeck@example.com
393,Corinne C Machowski,2038128376,corinnecmachowski@example.com
394,Jessica Hurta,8603443822,jessicahurta@example.com
395,Karen E Martin,4756327323,karenemartin@example.com
396,Claudette Alaimo,8609704901,claudettealaimo@example.com
397,Julia L Rosner,8606297198,julialrosner@example.com
398,Deborah S Bowles,9596614554,deborahsbowles@example.com
399,Jamie R Bell,9593203262,jamierbell@example.com
400,Joseph Dougherty,4755723368,josephdougherty@example.com
401,Alison J Ginnett,4753520468,alisonjginnett@example.com
402,Kelly Britt,4751305180,kellybritt@example.com
403,Linda Edelwich Team,9590647139,lindaedelwichteam@example.com
404,Lisa A Campo,2037127325,lisaacampo@example.com
405,Michelle C Collins,8602202857,michelleccollins@example.com
406,Kadji Anderson,8609625121,kadjianderson@example.com
407,Wendy A Lang,4753802080,wendyalang@example.com
408,THE PEPAS TEAM AT RE/MAX ON THE BAY,2033714408,thepepasteamatre/maxonthebay@example.com
409,Dandeneau Team at Berkshire Hathaway HomeServices New England Properties,8600817351,dandeneauteamatberkshirehathawayhomeservicesnewenglandproperties@example.com
410,Denise V Webster,2031952084,denisevwebster@example.com
411,Sophia Giuffria,2033989138,sophiagiuffria@example.com
412,Kristin E Demarco-Pancavage,9592985164,kristinedemarco-pancavage@example.com
413,Kyle R Civittolo,4754695893,kylercivittolo@example.com
414,Hedy Hartley,4754102336,hedyhartley@example.com
415,Tracy L Molloy,9597604540,tracylmolloy@example.com
416,Tracy S Wagner,9599542603,tracyswagner@example.com
417,Emily A Turker,2037779520,emilyaturker@example.com
418,The Miglietta Team at Berkshire Hathaway HomeServices New England Properties,9596729412,themigliettateamatberkshirehathawayhomeservicesnewenglandproperties@example.com
419,Paige C Niver,9593719151,paigecniver@example.com
420,Taylor Mandell-Daly,4754866756,taylormandell-daly@example.com
421,Nancy J Stetson,2031926876,nancyjstetson@example.com
422,Eli Joseph,2032008747,elijoseph@example.com
423,Helton Dornelas,4755890271,heltondornelas@example.com
424,Claude J Cousins,2033477117,claudejcousins@example.com
425,Jayson G Kemp,2036568908,jaysongkemp@example.com
426,Jodie M Bechard,9591902789,jodiembechard@example.com
427,Richard N Diaz,9590896981,richardndiaz@example.com
428,Fabian M Weir,2036363146,fabianmweir@example.com
429,Beverly Broadnax,9596695989,beverlybroadnax@example.com
430,David L Alfredson,2037019318,davidlalfredson@example.com
431,Jason L L Smith,4752982309,jasonllsmith@example.com
432,Vincent Bish,2034200374,vincentbish@example.com
433,John Oliveri,9590007883,johnoliveri@example.com
434,Errol B Lloyd,8602584016,errolblloyd@example.com
435,Paul A Cranick,4755206212,paulacranick@example.com
436,Mark J Porriello,4751736441,markjporriello@example.com
437,Felipe Bruno,4750002583,felipebruno@example.com
438,Drew Hershey,4755841063,drewhershey@example.com
439,Enrique Quintana,4757215088,enriquequintana@example.com
440,Zachary D Nichols,8602618249,zacharydnichols@example.com
441,Velma Toney,4753706126,velmatoney@example.com
442,Kayla Suprin,2032448491,kaylasuprin@example.com
443,Orell Coley,2033017182,orellcoley@example.com
444,Tommy Warren,2033854624,tommywarren@example.com
445,THE ROBERT PERRIELLO TEAM,2038739242,therobertperrielloteam@example.com
446,Josh Bodian,4759234475,joshbodian@example.com
447,Amber L Alcazar,4750071516,amberlalcazar@example.com
448,Andre Holloman,8604910407,andreholloman@example.com
449,Leslie M Mattos,2039037953,lesliemmattos@example.com
450,Andrea A Taylor,8601201949,andreaataylor@example.com
451,Sherri Schwartz,8605646936,sherrischwartz@example.com
452,Kristi Del Aguila,4750200248,kristidelaguila@example.com
453,Veronica T Anderson,9590209935,veronicatanderson@example.com
454,Darlene E West,9599290580,darleneewest@example.com
455,Tony Buccheri,2037508022,tonybuccheri@example.com
456,Jeffrey M Petersen,4752876231,jeffreympetersen@example.com
457,RAMON MATOS LEVEL TEAM,4750138678,ramonmatoslevelteam@example.com
458,Joyce V Aparicio,8606333952,joycevaparicio@example.com
459,Merna F Hill,8603240193,mernafhill@example.com
460,Robert E Betz,4755559495,robertebetz@example.com
461,Mimi Perez,8600135462,mimiperez@example.com
462,Patrick Lawrence,8605289948,patricklawrence@example.com
463,Wallace Freitas,9591124615,wallacefreitas@example.com
464,Team Phoenix at Keller Williams,4750775798,teamphoenixatkellerwilliams@example.com
465,Dave Alfano,9591265917,davealfano@example.com
466,Elaine Evans,2030659072,elaineevans@example.com
467,Brenda Carr,8603751949,brendacarr@example.com
468,Steven W Rivkin,9591799826,stevenwrivkin@example.com
469,Kathy Cruz,2037243610,kathycruz@example.com
470,Maria A Sanchez,4751647284,mariaasanchez@example.com
471,The Rise Team of Keller Williams Legacy Partners,9595291538,theriseteamofkellerwilliamslegacypartners@example.com
472,Monica Barzola,4750785405,monicabarzola@example.com
473,Erickson H Paredes,4755837270,ericksonhparedes@example.com
474,Stacey McGriff-Hodges,4753702180,staceymcgriff-hodges@example.com
475,Jasna D Muminovic,4751158116,jasnadmuminovic@example.com
476,Chevon A Schand,2031931488,chevonaschand@example.com
477,A. Brian Schwarz,4758543526,a.brianschwarz@example.com
478,Mariella Quintana,2030996580,mariellaquintana@example.com
479,Marilyn Lollar,4758674334,marilynlollar@example.com
480,Epifanio Bernard,4750116330,epifaniobernard@example.com
481,Sebastian Wroblewski,2039668795,sebastianwroblewski@example.com
482,Jason Saphire,9593372565,jasonsaphire@example.com
483,Catherine R Lapierre,2039463087,catherinerlapierre@example.com
484,Roger M Veilleux,2038576482,rogermveilleux@example.com
485,Annie Dillon,8607357124,anniedillon@example.com
486,Matthew Guida,2032786825,matthewguida@example.com
487,Jonathan E Clark,4750047171,jonathaneclark@example.com
488,Chelsea Gonzalez,2031866629,chelseagonzalez@example.com
489,Heather Blais,8608972545,heatherblais@example.com
490,Luis Gomes,4755370980,luisgomes@example.com
491,Amy Bergquist,9598451409,amybergquist@example.com
492,Luz Serrano,4753709083,luzserrano@example.com
493,Mick Marsden,9599353116,mickmarsden@example.com
494,Mary Shorts,2037454513,maryshorts@example.com
495,Dexter D Lawson,2038097757,dexterdlawson@example.com
496,Dawn M Gagliardi,9596730902,dawnmgagliardi@example.com
497,Jennifer L Jennings,8607509393,jenniferljennings@example.com
498,Barbara Pitruzzello,8604715430,barbarapitruzzello@example.com
499,Rebecca Kitfield,8606514625,rebeccakitfield@example.com
500,Storm Steinberg,4751565632,stormsteinberg@example.com
501,Eldora Haggerty,8602931204,eldorahaggerty@example.com
502,William H Eidt,2032294161,williamheidt@example.com
503,Geoff Luxenberg,8606889521,geoffluxenberg@example.com
504,Gloria Townsend,8602063736,gloriatownsend@example.com
505,Xochipilli McCarthy,2039916395,xochipillimccarthy@example.com
506,Cyndi Rabb,4759815428,cyndirabb@example.com
507,Carol M Cavalieri,9599314768,carolmcavalieri@example.com
508,Tammy Collins,2032768109,tammycollins@example.com
509,Sherri L Ciotto,9597686248,sherrilciotto@example.com
510,Kristen Mok,2038708948,kristenmok@example.com
511,Mae Marie Modifica,4755217391,maemariemodifica@example.com
512,Cierra N Masis,8609875615,cierranmasis@example.com
513,Frederick J Barrett,9599672442,frederickjbarrett@example.com
514,Joseph J Diminico,9595446987,josephjdiminico@example.com
515,Donna Sheehan,8608947083,donnasheehan@example.com
516,Annie Gura,8608643016,anniegura@example.com
517,Sheila M Cyr,4758574991,sheilamcyr@example.com
518,Peter Autunno,4753945165,peterautunno@example.com
519,Michael V Dusiewicz,8607606298,michaelvdusiewicz@example.com
520,Robert G Durato,8607373860,robertgdurato@example.com
521,Deb R Owens,4758163278,debrowens@example.com
522,Elizabeth Wood,2038166142,elizabethwood@example.com
523,Cheri Trudon,9598624652,cheritrudon@example.com
524,Ingrid Harrell,9590084103,ingridharrell@example.com
525,Margaret M Shea,8606313986,margaretmshea@example.com
526,Dan Keune,9595651339,dankeune@example.com
527,Beth R Cantor,2037746591,bethrcantor@example.com
528,Karen J Legault,2034376643,karenjlegault@example.com
529,DONNA Connolly,2034196669,donnaconnolly@example.com
530,Kathleen Danais,9596812041,kathleendanais@example.com
531,Linda Driscoll,2035924337,lindadriscoll@example.com
532,Cynthia Szymanski,2038714409,cynthiaszymanski@example.com
533,Kenneth A Hjulstrom,4753175713,kennethahjulstrom@example.com
534,Kervin D Figaro,2036013001,kervindfigaro@example.com
535,Miguel A Franco,2035104985,miguelafranco@example.com
536,Maura Alarcon,2030869033,mauraalarcon@example.com
537,Raymond Romero,4752183047,raymondromero@example.com
538,Marianne Smith,2032364908,mariannesmith@example.com
539,Patricia A Carpenter,8600964613,patriciaacarpenter@example.com
540,Donna J Huff,4750070466,donnajhuff@example.com
541,Gary R Dancosse,2032779344,garyrdancosse@example.com
542,Darold D Hunter,8600894899,darolddhunter@example.com
543,Adrian Scarpa,2035416710,adrianscarpa@example.com
544,Michael J Taylor,2033740640,michaeljtaylor@example.com
545,Michael J Barile,4754355803,michaeljbarile@example.com
546,Pamela J Brophy,2031560574,pamelajbrophy@example.com
547,Anower Hossain,4755961351,anowerhossain@example.com
548,Minerva Joseph,9591653520,minervajoseph@example.com
549,Karen L Smith,4755233144,karenlsmith@example.com
550,Jaynie Valentin,4754267201,jaynievalentin@example.com
551,Janice Marden,9599658223,janicemarden@example.com
552,Kate Lange,2030066406,katelange@example.com
553,George Noujaim,8604264944,georgenoujaim@example.com
554,Stephanie Stone,2039974577,stephaniestone@example.com
555,Corrinne Lomazzo S.Windsor,8604421676,corrinnelomazzos.windsor@example.com
556,Ronald J Goldberg,2037469324,ronaldjgoldberg@example.com
557,Ken M Potter,4758462524,kenmpotter@example.com
558,Patricia Miele,9599902263,patriciamiele@example.com
559,Clare M Burti,4751220500,claremburti@example.com
560,Lisa C Gordon,4759682932,lisacgordon@example.com
561,Donald Maloney,2031705008,donaldmaloney@example.com
562,Rick Conary,4750548168,rickconary@example.com
563,Sharon E Stabile,8605792126,sharonestabile@example.com
564,MC Team at eXp Realty,4750338689,mcteamatexprealty@example.com
565,Jennifer M Rose,9597465544,jennifermrose@example.com
566,Lindsey Niarhakos,8609249650,lindseyniarhakos@example.com
567,Paul Koutsopoulos,4755256661,paulkoutsopoulos@example.com
568,Eric P Gregan,2032251207,ericpgregan@example.com
569,Margaret Mullaney,4755919061,margaretmullaney@example.com
570,Lindsey Kaika,9592931175,lindseykaika@example.com
571,John Veit,4755712894,johnveit@example.com
572,Lisa M Chaloux,4750413066,lisamchaloux@example.com
573,Peggy G Gregan,4753594182,peggyggregan@example.com
574,Ryan J Brown,8604309948,ryanjbrown@example.com
575,Maria Waddell,9598288805,mariawaddell@example.com
576,Curt B Clemens Jr.,8601274317,curtbclemensjr.@example.com
577,Cesar E Rodriguez,9591065002,cesarerodriguez@example.com
578,Dwayne K Jones,8600266943,dwaynekjones@example.com
579,ERIC Ehmad,9598610418,ericehmad@example.com
580,Santos & Team,2036444933,santos&team@example.com
581,Ilir Bici,4757042180,ilirbici@example.com
582,Mary A Parker,2030861526,maryaparker@example.com
583,THE A TEAM OF WILLIAM PITT SOTHEBY'S INTERNATIONAL REALTY,4756841608,theateamofwilliampittsotheby'sinternationalrealty@example.com
584,Stillianos Pikos,4750024986,stillianospikos@example.com
585,Amanda Cole,8606524745,amandacole@example.com
586,Patricia J Holmes,4752132601,patriciajholmes@example.com
587,Scott P Tracy,2033573939,scottptracy@example.com
588,Sheri A Whiting,8601893790,sheriawhiting@example.com
589,David Payton,8608530009,davidpayton@example.com
590,Jill Bright,4753984495,jillbright@example.com
591,Carole A Debella,9593077628,caroleadebella@example.com
592,Frank S Mangiagli,2037307266,franksmangiagli@example.com
593,Kathleen Prater,4750556996,kathleenprater@example.com
594,Patrick C Farley,2033016406,patrickcfarley@example.com
595,Heather Besmond,2032988191,heatherbesmond@example.com
596,Susan F Nilsen,4756761097,susanfnilsen@example.com
597,Diana M Brown,2036607175,dianambrown@example.com
598,Beata Gadomski,8608709869,beatagadomski@example.com
599,Bruce Smith,8607790793,brucesmith@example.com
600,Bowes Team at Re/Max on the Bay,4752263022,bowesteamatre/maxonthebay@example.com
601,Debbie Huscher,4750578548,debbiehuscher@example.com
602,Susanne Vacek,2032099525,susannevacek@example.com
603,Brenda J Volpe,4757133758,brendajvolpe@example.com
604,Jeanne L Crum,9592704030,jeannelcrum@example.com
605,The Finer Team of William Raveis Real Estate,4753191064,thefinerteamofwilliamraveisrealestate@example.com
606,Michelle Garabedian,2032473342,michellegarabedian@example.com
607,Mary C Ingalls,8604110383,marycingalls@example.com
608,The Huscher Team of William Raveis Real Estate,9590884222,thehuscherteamofwilliamraveisrealestate@example.com
609,Barbara E Coyle,9596753561,barbaraecoyle@example.com
610,Lisa A Sherman,8604282276,lisaasherman@example.com
611,Kathleen E Hoyt,2039802912,kathleenehoyt@example.com
612,Mark A Toledo,4756317390,markatoledo@example.com
613,Jamila Caceres Ranno,8603383285,jamilacaceresranno@example.com
614,Jonathan Zuromski,4756895581,jonathanzuromski@example.com
615,Todd K Rogers,8605375419,toddkrogers@example.com
616,Holly Bryk,8607173275,hollybryk@example.com
617,Sacha Armstrong,9597097274,sachaarmstrong@example.com
618,Isabella D Torniere,9599708676,isabelladtorniere@example.com
619,Thomas Skorobohaty,8601818560,thomasskorobohaty@example.com
620,Doug Kalinowski,9590129125,dougkalinowski@example.com
621,Nancy L Currlin,8600830307,nancylcurrlin@example.com
622,Gerard Sullivan,4759044191,gerardsullivan@example.com
623,Todd A Bakoledis,2033508955,toddabakoledis@example.com
624,Adam Devine,9591822444,adamdevine@example.com
625,The Hometown Team of Coldwell Banker Realty,4755798143,thehometownteamofcoldwellbankerrealty@example.com
626,Ashley Tetreault,8607923804,ashleytetreault@example.com
627,Jeannine Peterson,8608195454,jeanninepeterson@example.com
628,Connor T Wenchell,9590055575,connortwenchell@example.com
629,Robert Donston,9598621420,robertdonston@example.com
630,Marie Michaud-Strout,2032241780,mariemichaud-strout@example.com
631,Heather Duteau,9597670121,heatherduteau@example.com
632,Jacqueline S Williams,4757206456,jacquelineswilliams@example.com
633,Amy M Bartolucci,4754893580,amymbartolucci@example.com
634,Jacob G Sattler,4755646460,jacobgsattler@example.com
635,Gary R Garofalo,4752027205,garyrgarofalo@example.com
636,Brian Herwerth,2036385820,brianherwerth@example.com
637,Patti Langevin,2037346377,pattilangevin@example.com
638,Patricia Flynn,9590054131,patriciaflynn@example.com
639,Julie Keithan,8606838782,juliekeithan@example.com
640,Michelle Macneil,4752575869,michellemacneil@example.com
641,Jennifer D Stein,8609721110,jenniferdstein@example.com
642,Heather Zito,2030152133,heatherzito@example.com
643,Linda's Team at William Raveis Real Estate,4751355274,linda'steamatwilliamraveisrealestate@example.com
644,Kevin Danby,9591033541,kevindanby@example.com
645,Pratik A Shah,2037416188,pratikashah@example.com
646,Gene T Deproto,9595339083,genetdeproto@example.com
647,Patrick N Savarese,4755061029,patricknsavarese@example.com
648,Kaila Lockhart,4757599556,kailalockhart@example.com
649,Jordan Ostrofsky,8608074861,jordanostrofsky@example.com
650,Sally E McMahon,9594139086,sallyemcmahon@example.com
651,Susan J Volenec,2034286113,susanjvolenec@example.com
652,Erin E Howard,4754592291,erinehoward@example.com
653,Amber Segetti,9593033490,ambersegetti@example.com
654,Nic Saraceno,9591335245,nicsaraceno@example.com
655,Sharon Kastner,9598983496,sharonkastner@example.com
656,Christopher Flannery,4756458745,christopherflannery@example.com
657,Marco Rondinone,9591857446,marcorondinone@example.com
658,Leonard Orlacchio,9594524314,leonardorlacchio@example.com
659,REBECCA KINGSTON TEAM,2038327195,rebeccakingstonteam@example.com
660,Vaiva Baltonis,9590710026,vaivabaltonis@example.com
661,Jodi Lisitano,2030536418,jodilisitano@example.com
662,Kathleen Mullins,4754098859,kathleenmullins@example.com
663,Chuck Haller,8606605221,chuckhaller@example.com
664,Kelley Vanacore,4755278777,kelleyvanacore@example.com
665,Stephanie M Zarrella,4757360239,stephaniemzarrella@example.com
666,Valmira Baka,8601067519,valmirabaka@example.com
667,Cynthia J Rodriguez,4754588491,cynthiajrodriguez@example.com
668,David Borges,4754130511,davidborges@example.com
669,Piotr Nowak,2033924168,piotrnowak@example.com
670,Chad M Segal,8600779807,chadmsegal@example.com
671,Wiehn Pollard Team,8604173144,wiehnpollardteam@example.com
672,Lori Montazella,8604689857,lorimontazella@example.com
673,David Smolowitz,8603805149,davidsmolowitz@example.com
674,Vogel Team At William Raveis Real Estate,2032893320,vogelteamatwilliamraveisrealestate@example.com
675,Nicole Elliott,2039435009,nicoleelliott@example.com
676,Adlin Daye,4759956853,adlindaye@example.com
677,Michelle Mazzotta,4751856523,michellemazzotta@example.com
678,Linda J Conchado,8601661513,lindajconchado@example.com
679,Laura Beth Collinson,4750593804,laurabethcollinson@example.com
680,Deepak Khatiwada,4758354162,deepakkhatiwada@example.com
681,Tracey A Precourt,4753344381,traceyaprecourt@example.com
682,Diane Fahey,8606362647,dianefahey@example.com
683,Anthony Annunziato,8601615302,anthonyannunziato@example.com
684,Amanda S Zorovich,2032985847,amandaszorovich@example.com
685,Amy Lapierre,9593223272,amylapierre@example.com
686,Linda Rodriguez,8602698215,lindarodriguez@example.com
687,Susan Lahrmann,4756819395,susanlahrmann@example.com
688,Carolyn Racki,8606637198,carolynracki@example.com
689,Kathleen Turner,8602912091,kathleenturner@example.com
690,Carol York,9594663726,carolyork@example.com
691,Brandon Tabassi,2030301027,brandontabassi@example.com
692,THE GULINO TEAM OF WILLIAM RAVEIS REAL ESTATE,9595743154,thegulinoteamofwilliamraveisrealestate@example.com
693,Kamil Andrukiewicz,2039759107,kamilandrukiewicz@example.com
694,Dayris Del Castillo,9592159442,dayrisdelcastillo@example.com
695,James M Treanor,9591383580,jamesmtreanor@example.com
696,Latoya Edmond,9597676471,latoyaedmond@example.com
697,JOSEPHINE Baroni,8607221910,josephinebaroni@example.com
698,Wanda J Dumais,9592459421,wandajdumais@example.com
699,Marlon D Virtue,9591979100,marlondvirtue@example.com
700,Joel Arroyo,4751908632,joelarroyo@example.com
701,Eileen England,9593136665,eileenengland@example.com
702,Konrad Krukowski,8602785247,konradkrukowski@example.com
703,Kloard Ruko,2030793784,kloardruko@example.com
704,Kevin Harris,8601717465,kevinharris@example.com
705,Meaghan Vendetta,8604328066,meaghanvendetta@example.com
706,Jean H Buckwell,8604866794,jeanhbuckwell@example.com
707,Monika Sznaj,9599110238,monikasznaj@example.com
708,Stacey Silvia,4751694505,staceysilvia@example.com
709,Carla Juvencio,8604118582,carlajuvencio@example.com
710,Mark J Graf,2030350157,markjgraf@example.com
711,Adriane Jones,9595293481,adrianejones@example.com
712,Michael Gaudio,4755738030,michaelgaudio@example.com
713,Daniel R Julian,8604020333,danielrjulian@example.com
714,Jacqueline Grier,8601672127,jacquelinegrier@example.com
715,Bonnie Yackovetsky,2030554470,bonnieyackovetsky@example.com
716,Luis Torres,9592447243,luistorres@example.com
717,Beata Zapadka,8603776825,beatazapadka@example.com
718,The One Team At William Raveis Real Estate,8601871061,theoneteamatwilliamraveisrealestate@example.com
719,Timothy J Linnartz,9596408993,timothyjlinnartz@example.com
720,Sasha Torchigina,4758471507,sashatorchigina@example.com
721,Courtney LeBlanc,8606415452,courtneyleblanc@example.com
722,Laurie C Hogan,2035404202,lauriechogan@example.com
723,Brenda Bourne,4755173662,brendabourne@example.com
724,Christine A Green,2037063062,christineagreen@example.com
725,Tracey Lizza,2032000963,traceylizza@example.com
726,Nicholas Decaro,4758684467,nicholasdecaro@example.com
727,Maria I Turner,4759500000,mariaiturner@example.com
728,Holly McCarthy,2036054258,hollymccarthy@example.com
729,Tracy McCleary,4752860408,tracymccleary@example.com
730,Domenico Giancola,9592331935,domenicogiancola@example.com
731,John M Baran,9591568617,johnmbaran@example.com
732,Chris Gorski,9594248130,chrisgorski@example.com
733,Sheldon Haag,8600444366,sheldonhaag@example.com
734,Elizabeth Figueroa,2033912993,elizabethfigueroa@example.com
735,Sonya Marzola Urciuoli,8603585807,sonyamarzolaurciuoli@example.com
736,Jim Burnett,2035515467,jimburnett@example.com
737,Michael J Robinson,4754063250,michaeljrobinson@example.com
738,Sal Calafiore,4756089814,salcalafiore@example.com
739,Jody Viola,8608079237,jodyviola@example.com
740,Agnieszka Patoka Agnes,4757493710,agnieszkapatokaagnes@example.com
741,Ryan Nazzaro,9598648894,ryannazzaro@example.com
742,L.J. Bunker,8603472435,l.j.bunker@example.com
743,Michael S Gashgorian,2032700660,michaelsgashgorian@example.com
744,Kyle Gudewicz,2037051366,kylegudewicz@example.com
745,Piotr Chrzanowski,4759194351,piotrchrzanowski@example.com
746,Keith A Samuels,4752139199,keithasamuels@example.com
747,Erika Cruz,2035559078,erikacruz@example.com
748,Andrea Hayes,9594467416,andreahayes@example.com
749,Eric L Amodio,9591404169,ericlamodio@example.com
750,Bryan Neurath,9593911629,bryanneurath@example.com
751,Don D Sagarino,8602759616,dondsagarino@example.com
752,Agata Czyz,8605322862,agataczyz@example.com
753,Susan Turner,4757522536,susanturner@example.com
754,Natuzza Dimasi,4759229549,natuzzadimasi@example.com
755,Thuyan Tran,2037438233,thuyantran@example.com
756,Jessica Velazquez,8605293222,jessicavelazquez@example.com
757,Mailene Downes,8602206216,mailenedownes@example.com
758,Slawek Gubernat,4754080698,slawekgubernat@example.com
759,The Geena Becker Team,9597175215,thegeenabeckerteam@example.com
760,John A Monticello,2034297065,johnamonticello@example.com
761,Brent Eckman,8605112764,brenteckman@example.com
762,Chip Stamm,8602436022,chipstamm@example.com
763,Gary A Guyette,2035964332,garyaguyette@example.com
764,Carmen V Quintana-Palacios,8606200288,carmenvquintana-palacios@example.com
765,Samantha Kelley,4759290868,samanthakelley@example.com
766,Laurie L Bertrand,9595757499,laurielbertrand@example.com
767,Michele M Devanney,2031495595,michelemdevanney@example.com
768,The Goldbar Team at EXP Realty,4755301595,thegoldbarteamatexprealty@example.com
769,Robin E Gebrian,8600312994,robinegebrian@example.com
770,Robert J Lunney,4755553593,robertjlunney@example.com
771,Alexandra Terlesky,8603982715,alexandraterlesky@example.com
772,Maria C Parker,8606703513,mariacparker@example.com
773,Shaun Gauthier,2036261072,shaungauthier@example.com
774,Kiersty Kastner-Burr,9596803391,kierstykastner-burr@example.com
775,Julie L Bushnell,4757964115,julielbushnell@example.com
776,Julie Brighenty,4756638084,juliebrighenty@example.com
777,Stanley Stelmach,2035347116,stanleystelmach@example.com
778,Christopher Valenzuela,2036348610,christophervalenzuela@example.com
779,John Valdez,4757893304,johnvaldez@example.com
780,Kathy J Neri,8601107230,kathyjneri@example.com
781,Joselyn R Valente,2030782073,joselynrvalente@example.com
782,Solidea Pitruzzello,4754069088,solideapitruzzello@example.com
783,Donna-jean Dargie,2036350764,donna-jeandargie@example.com
784,Stanley Mickus,8604860361,stanleymickus@example.com
785,Donald A Pac,9590817546,donaldapac@example.com
786,Gary R Girouard,2039484092,garyrgirouard@example.com
787,Nicole Peyton,2035817317,nicolepeyton@example.com
788,Kathleen Gallagher,4757885312,kathleengallagher@example.com
789,Richard Binns,4756300067,richardbinns@example.com
790,Mary-anne Gorey,4750856030,mary-annegorey@example.com
791,Sharon D Rispoli,9591755615,sharondrispoli@example.com
792,Allen L Grover,9599310218,allenlgrover@example.com
793,Nermin Duric,8608897761,nerminduric@example.com
794,Justin Delgiudice,2030281362,justindelgiudice@example.com
795,Marla Byrnes,2033604389,marlabyrnes@example.com
796,Christopher Guarnieri,2030808672,christopherguarnieri@example.com
797,Tyler S Phelps,2035500753,tylersphelps@example.com
798,Brenda Smith,2035830887,brendasmith@example.com
799,Jan K Pecherski,2037328278,jankpecherski@example.com
800,The Kathleen Freeman Team,8605306996,thekathleenfreemanteam@example.com
801,Frank P Dannahey,2034453054,frankpdannahey@example.com
802,Shari M Fichman,8609829287,sharimfichman@example.com
803,Ashley Chaia,2038630533,ashleychaia@example.com
804,Kurt M Potter,4754620646,kurtmpotter@example.com
805,Debbie Jaffe,8604436367,debbiejaffe@example.com
806,Terri W Balavender,8600302277,terriwbalavender@example.com
807,Michael H Truong,9595049528,michaelhtruong@example.com
808,Carly Lucier,4757882720,carlylucier@example.com
809,Carol Gantner,4756603513,carolgantner@example.com
810,Stephanie Hughes,9594212079,stephaniehughes@example.com
811,Lon A Norton,4750123202,lonanorton@example.com
812,Neil Thomas,2035843272,neilthomas@example.com
813,Andrew Bedford,8607704022,andrewbedford@example.com
814,Cheryl E Arcidiacono,9595368948,cherylearcidiacono@example.com
815,Christopher D Callahan,2030836654,christopherdcallahan@example.com
816,Roman Egorov,8602614619,romanegorov@example.com
817,Katarzyna Piekut,2031625917,katarzynapiekut@example.com
818,jamie J Kablik,2037560178,jamiejkablik@example.com
819,Sebby Giannone,4754555053,sebbygiannone@example.com
820,Reno Denovellis,8608917567,renodenovellis@example.com
821,Nicholas Pizzoferrato,8602445259,nicholaspizzoferrato@example.com
822,Lisa L Olson,4751053916,lisalolson@example.com
823,Dennis D Oliveira,8607028474,dennisdoliveira@example.com
824,Joseph Harvey,9598211181,josephharvey@example.com
825,Ann Marie Micacci,9597274626,annmariemicacci@example.com
826,Diane Barry Team,4757566896,dianebarryteam@example.com
827,Joshua M Brown,8603249930,joshuambrown@example.com
828,Maura Williams,2039468578,maurawilliams@example.com
829,Oz Pariser,9592004263,ozpariser@example.com
830,Traci Schneider,8607558613,tracischneider@example.com
831,Rose Zwolak,4759152678,rosezwolak@example.com
832,P. Leslie Slater,8601969003,p.leslieslater@example.com
833,Kathy Veneziano,9598002100,kathyveneziano@example.com
834,Kurt C Bauknecht,4756749757,kurtcbauknecht@example.com
835,Suzie Larson,4751236514,suzielarson@example.com
836,Marta Oko,4755847737,martaoko@example.com
837,Donna Sienko,9594142317,donnasienko@example.com
838,Sherry Cosmos,4755212903,sherrycosmos@example.com
839,Michael Delgreco,4758724310,michaeldelgreco@example.com
840,Joe Smith,2036098960,joesmith@example.com
841,Doreen Corriveau,2034588423,doreencorriveau@example.com
842,Bob Rouillard,2039219519,bobrouillard@example.com
843,Inez E St. James,8601275430,inezest.james@example.com
844,Jorge A Zea,8607930427,jorgeazea@example.com
845,Daniel K Bielert,8606101381,danielkbielert@example.com
846,Erin Mancino,4754966823,erinmancino@example.com
847,Sandi Liquindoli,2034021277,sandiliquindoli@example.com
848,Renee Meuse,9595301193,reneemeuse@example.com
849,Rose Elias,4755197267,roseelias@example.com
850,Nancy L Newman,8609145037,nancylnewman@example.com
851,Austin C Miglin,4753026519,austincmiglin@example.com
852,Nathaniel Rodriguez,2036039379,nathanielrodriguez@example.com
853,Angela Ruel,8608181018,angelaruel@example.com
854,James A Harrington,4750961833,jamesaharrington@example.com
855,Joanne O'brien,8601806586,joanneo'brien@example.com
856,Deborah A Walden,8609775423,deborahawalden@example.com
857,Cynthia M Bahl,2037944363,cynthiambahl@example.com
858,Maria V Puorro,9598371936,mariavpuorro@example.com
859,Angela Aresco,4758036964,angelaaresco@example.com
860,Kellee Smith,9595846634,kelleesmith@example.com
861,John Michael Varrone,4756821785,johnmichaelvarrone@example.com
862,Cheryl L Zalewski,8600590296,cheryllzalewski@example.com
863,Caroline M Andrukiewicz,8603948074,carolinemandrukiewicz@example.com
864,Todd Farris,8601922236,toddfarris@example.com
865,Lori Shields,2031655359,lorishields@example.com
866,Diane J Gombieski,2033097874,dianejgombieski@example.com
867,Dawn E Satagaj,2033129489,dawnesatagaj@example.com
868,Kenneth D Rattet,2033510671,kennethdrattet@example.com
869,Daniela L Volo,4750551169,danielalvolo@example.com
870,Kevin J Paradis,9595575187,kevinjparadis@example.com
871,Nichole Saponare,9591714335,nicholesaponare@example.com
872,Liridona Ahmeti-Tishukaj,8604143631,liridonaahmeti-tishukaj@example.com
873,Debi J Rozewski,2037812494,debijrozewski@example.com
874,Monica Jorge Yoder,2030623077,monicajorgeyoder@example.com
875,Jeanne Reilly-McCusker,8603560224,jeannereilly-mccusker@example.com
876,Catherine Jia,8608096992,catherinejia@example.com
877,Jennifer Bucari,8603230948,jenniferbucari@example.com
878,Joshua Livingston,2039605661,joshualivingston@example.com
879,Catherine Evans,4755447486,catherineevans@example.com
880,Charlie Kaylor,2034786169,charliekaylor@example.com
881,Odalys Bekanich,2030686979,odalysbekanich@example.com
882,Billie Reese,9590723712,billiereese@example.com
883,Elaine D Groundwater,9593653761,elainedgroundwater@example.com
884,Gail Gene Mercey,8609719633,gailgenemercey@example.com
885,Gina McDonald,9594733723,ginamcdonald@example.com
886,Margaret O'keefe,2036090715,margareto'keefe@example.com
887,Mike J Daly,9592399799,mikejdaly@example.com
888,Katie French,9596346867,katiefrench@example.com
889,Stephanie Salerno,8604801961,stephaniesalerno@example.com
890,Jennifer Petron and Karen Mendes Team,8609960288,jenniferpetronandkarenmendesteam@example.com
891,P. Vincent Tully,4755880785,p.vincenttully@example.com
892,Garrett Schyns,4750003344,garrettschyns@example.com
893,Lisa M Loomis,2032020992,lisamloomis@example.com
894,Carole Margolis,4750051569,carolemargolis@example.com
895,Gary M Emerito,2036531821,garymemerito@example.com
896,Brenda S Nuhfer,9591653132,brendasnuhfer@example.com
897,Heidi Picard-Ramsay,8602100010,heidipicard-ramsay@example.com
898,Josephine Ligato,4753791861,josephineligato@example.com
899,Stephanie Daley,4758968646,stephaniedaley@example.com
900,Sarah B Neighbours,8601446953,sarahbneighbours@example.com
901,Ryan F Fehrs,4758776114,ryanffehrs@example.com
902,Curt Henderson,2033921480,curthenderson@example.com
903,Karen B Mendes,8606795816,karenbmendes@example.com
904,Catherine A McCahill,4754031031,catherineamccahill@example.com
905,Kathleen J Shippee,2032335015,kathleenjshippee@example.com
906,Sean Brittell,4752255489,seanbrittell@example.com
907,Mary M New,8606385183,marymnew@example.com
908,Diane Bonney Team,2030848531,dianebonneyteam@example.com
909,Kris Barnett,9592728204,krisbarnett@example.com
910,Laurie Kane,2038291309,lauriekane@example.com
911,Nancy C Thoma,8609592462,nancycthoma@example.com
912,Christina Martins,8602850031,christinamartins@example.com
913,Ian Ross,9594138931,ianross@example.com
914,Annie Simard,2037069459,anniesimard@example.com
915,Laura B Gordon,9597496435,laurabgordon@example.com
916,Gregory Conway,9594674441,gregoryconway@example.com
917,Paul Theriault,9597775152,paultheriault@example.com
918,Amber Jones,2030058844,amberjones@example.com
919,Michael T Mundo,4750618456,michaeltmundo@example.com
920,Sara Etienne,4750269179,saraetienne@example.com
921,Glenn Stavens,4751153165,glennstavens@example.com
922,Wendy Cycenas,8609297690,wendycycenas@example.com
923,Laura L Gonzalez,8600348704,lauralgonzalez@example.com
924,Elaine C Anselmo,4759945576,elainecanselmo@example.com
925,Cara C Flaherty,9590724981,caracflaherty@example.com
926,Sarah McMillan,8608804257,sarahmcmillan@example.com
927,Cliff Mix,2036004044,cliffmix@example.com
928,Darlene Tremblay,2031364136,darlenetremblay@example.com
929,Terry King,8601544664,terryking@example.com
930,Mateusz Mikunda,8605597303,mateuszmikunda@example.com
931,Nicole M Duong,4751992018,nicolemduong@example.com
932,Faten Elmokdad,2036150299,fatenelmokdad@example.com
933,Jessica Danard,4754417344,jessicadanard@example.com
934,Mike Defosses,2039216450,mikedefosses@example.com
935,Julie Tetreault,9594458684,julietetreault@example.com
936,Adam Mallory,4753715042,adammallory@example.com
937,Debra A Colli,9599434598,debraacolli@example.com
938,Cara Clay,4753981143,caraclay@example.com
939,Madhu Reddy,9598799892,madhureddy@example.com
940,Dawn Ezold,8601179518,dawnezold@example.com
941,Ellen DeSorbo,4755955046,ellendesorbo@example.com
942,Tatyana Makarov,9593700354,tatyanamakarov@example.com
943,Brenda Healy,2039450262,brendahealy@example.com
944,Stephen Simard,9596350659,stephensimard@example.com
945,Laura Krzewski,8609590178,laurakrzewski@example.com
946,Darrin Melendy,9598400653,darrinmelendy@example.com
947,Courtney Cusano,8605274458,courtneycusano@example.com
948,Tricia A Schuiten,4756498895,triciaaschuiten@example.com
949,Rachael Bleau,8602884410,rachaelbleau@example.com
950,Keith A Murphy,2030906182,keithamurphy@example.com
951,Mike Hann,8602982338,mikehann@example.com
952,Todd Hany,9592302422,toddhany@example.com
953,Christopher Gould,2032523860,christophergould@example.com
954,Jeffrey Sylvester,8607335671,jeffreysylvester@example.com
955,Jason Diaz,2030199719,jasondiaz@example.com
956,Jennifer Krasinkiewicz,9599694847,jenniferkrasinkiewicz@example.com
957,Tom H Ferguson,4750796939,tomhferguson@example.com
958,Jennifer Holt,9591221458,jenniferholt@example.com
959,Sue M Thompson,2036687305,suemthompson@example.com
960,Dan Burgio,9590203640,danburgio@example.com
961,Samantha Stark,4755861157,samanthastark@example.com
962,Brian Schneider,2030278022,brianschneider@example.com
963,Joseph Armstrong,8607406527,josepharmstrong@example.com
964,Liane T Lombardi,8605160064,lianetlombardi@example.com
965,Fawiz J Ahmed,8603646489,fawizjahmed@example.com
966,Jane M Crooke,8609916172,janemcrooke@example.com
967,Sallie L Cappadora,9598961308,sallielcappadora@example.com
968,Anthony Florenzano,9598954831,anthonyflorenzano@example.com
969,Steve J Vastola,8603950477,stevejvastola@example.com
970,Kirk A Coates,9594708007,kirkacoates@example.com
971,Joseph Carnemolla,9596542215,josephcarnemolla@example.com
972,Catherine A Leake,9591884858,catherinealeake@example.com
973,Tracy Henry,9598761523,tracyhenry@example.com
974,Gary W Lemieux,2032753755,garywlemieux@example.com
975,Thomas M Welles,8600059055,thomasmwelles@example.com
976,Nancy Orlando,8600480252,nancyorlando@example.com
977,Amanda J Pompa,8605970194,amandajpompa@example.com
978,Robert E Adams,9590374227,roberteadams@example.com
979,Corey L Koeller,8603070889,coreylkoeller@example.com
980,Kris J Lippi,2037935238,krisjlippi@example.com
981,Carrie Schwartz,9590971989,carrieschwartz@example.com
982,Noah King,2032456993,noahking@example.com
983,Arek Wtulich,2037538968,arekwtulich@example.com
984,Nicolle Serafino,8602210689,nicolleserafino@example.com
985,Lucy Goicoechea-Hernandez,9594338654,lucygoicoechea-hernandez@example.com
986,Michael Falotico,9592958517,michaelfalotico@example.com
987,Scott T Lewis,2032187691,scotttlewis@example.com
988,Laurie C Murray,2030605604,lauriecmurray@example.com
989,Patricia Raffile,2035663398,patriciaraffile@example.com
990,Dee Mattera,4753312927,deemattera@example.com
991,Jacek Mikolajczyk Team,9594364694,jacekmikolajczykteam@example.com
992,Christina Scigulinsky,4751828515,christinascigulinsky@example.com
993,BONNIE COLLINS TEAM,8603777841,bonniecollinsteam@example.com
994,Dawn G Baker,8602406131,dawngbaker@example.com
995,Evie Bendett,8604609433,eviebendett@example.com
996,Mark J Zweifler,9592900236,markjzweifler@example.com
997,Lisa Barall-Matt (WH),4756233277,lisabarall-matt(wh)@example.com
998,Vytenis K Nenortas,9592223578,vytenisknenortas@example.com
999,Annie Sullivan,9590719647,anniesullivan@example.com
1000,Avi Y Ron,4759017829,aviyron@example.com
1001,Hilary Culver,9593741265,hilaryculver@example.com
1002,Ophelia Jagdat,4755846356,opheliajagdat@example.com
1003,Ariel Edery,9597544525,arieledery@example.com
1004,Sara A Musto,2038432622,saraamusto@example.com
1005,Eric Tellier,2032419158,erictellier@example.com
1006,Geraldine Asres,4751509510,geraldineasres@example.com
1007,Michael Sinatro,4755771601,michaelsinatro@example.com
1008,Luan Phan,9595446741,luanphan@example.com
1009,Steven T Koleno,8609294353,steventkoleno@example.com
1010,Sandy Gervais,8601511639,sandygervais@example.com
1011,Carol Presutti Team,8606839790,carolpresuttiteam@example.com
1012,SUZANNE WALSH TEAM,2031055583,suzannewalshteam@example.com
1013,Josef Nicorici,9590295001,josefnicorici@example.com
1014,Kareem D Parks,4756603693,kareemdparks@example.com
1015,Maya Brown,4750166519,mayabrown@example.com
1016,Vanessa Hudson,2038123977,vanessahudson@example.com
1017,Brian Kubeck,4751877581,briankubeck@example.com
1018,Liz Teare Team,8609016607,lizteareteam@example.com
1019,Patti P Maulucci,9599173371,pattipmaulucci@example.com
1020,Barbara Clerice,8609960377,barbaraclerice@example.com
1021,Manju L Gupta-Koley,4753996510,manjulgupta-koley@example.com
1022,Allison Sharlow,4756534217,allisonsharlow@example.com
1023,Karen Tuvin,2034520022,karentuvin@example.com
1024,MSB Team at Berkshire Hathaway HomeServices New England Properties,9599816324,msbteamatberkshirehathawayhomeservicesnewenglandproperties@example.com
1025,John Rockwell,2033481979,johnrockwell@example.com
1026,Wayne C Watt Jr.,8605735137,waynecwattjr.@example.com
1027,Sasha Dagnall,2038966689,sashadagnall@example.com
1028,Barbie Butler,9593746394,barbiebutler@example.com
1029,William D Stiles,4759897387,williamdstiles@example.com
1030,Allen B Gammons,8608609439,allenbgammons@example.com
1031,Eileen Brewer-Akin,9593523487,eileenbrewer-akin@example.com
1032,Lesbia M Hernandez,2030977900,lesbiamhernandez@example.com
1033,Cindy D Gaioni,8602167256,cindydgaioni@example.com
1034,Marsha Penna,8603415250,marshapenna@example.com
1035,Qin Lin,2037324805,qinlin@example.com
1036,Timothy J Daly,8602557479,timothyjdaly@example.com
1037,Chad M Glucksman,8601547817,chadmglucksman@example.com
1038,Deborah W Chessari,8602637686,deborahwchessari@example.com
1039,Sean Page,8603966013,seanpage@example.com
1040,The DeBella Team at William Raveis Real Estate,4752838526,thedebellateamatwilliamraveisrealestate@example.com
1041,Deb Cohen,8604415147,debcohen@example.com
1042,Amy Babich,8606392170,amybabich@example.com
1043,Audrey H Laufer,9592328909,audreyhlaufer@example.com
1044,William Glanville,9597908502,williamglanville@example.com
1045,Lisa C Sadinsky,8604463779,lisacsadinsky@example.com
1046,Keri A Watkins,4755167989,keriawatkins@example.com
1047,Lori Simons,2031943526,lorisimons@example.com
1048,Samantha Wanagel,9596169924,samanthawanagel@example.com
1049,Rosemary Lovelace,2039025043,rosemarylovelace@example.com
1050,Tracey Hollerbach,9599996829,traceyhollerbach@example.com
1051,Creighton Bond,2031738467,creightonbond@example.com
1052,Susan M Wiley,9595463794,susanmwiley@example.com
1053,Mary Rose Sinatro,2033428816,maryrosesinatro@example.com
1054,Sanam Solati,2037560910,sanamsolati@example.com
1055,Suzanne G Schumann,9595605523,suzannegschumann@example.com
1056,Briana N. Balara,8607133670,brianan.balara@example.com
1057,Susan S Hatch,4755531205,susanshatch@example.com
1058,Reza Abbassi,4750888127,rezaabbassi@example.com
1059,Maura K Hammick,4759503588,maurakhammick@example.com
1060,Robert E O'Meara,8609391584,roberteo'meara@example.com
1061,Michelle Maldonado,9599223656,michellemaldonado@example.com
1062,Christina Zainc,4750135833,christinazainc@example.com
1063,Susan Brine,2032091771,susanbrine@example.com
1064,Tracy McHugh,2039859106,tracymchugh@example.com
1065,Beth Brown,2032171122,bethbrown@example.com
1066,Nate Minor,8604784577,nateminor@example.com
1067,Xuemei Xu,8606607835,xuemeixu@example.com
1068,Anthony S LaSala,2038760389,anthonyslasala@example.com
1069,The Around Town Team at Keller Williams,9593230411,thearoundtownteamatkellerwilliams@example.com
1070,Michael P Antisdale,9591259011,michaelpantisdale@example.com
1071,John Balf Morgan,9598943767,johnbalfmorgan@example.com
1072,John Calabrese,9598288093,johncalabrese@example.com
1073,Olga A Libhaber,9596424557,olgaalibhaber@example.com
1074,Matt St. Amour,8607618800,mattst.amour@example.com
1075,Renee Autorino,4750577855,reneeautorino@example.com
1076,Kelly Mazza,9596312494,kellymazza@example.com
1077,Nancy M Weiner,9595065482,nancymweiner@example.com
1078,Augie J Smith,8603733148,augiejsmith@example.com
1079,Patricia McLaughlin,9590164651,patriciamclaughlin@example.com
1080,Patricia Kenyon,9592098021,patriciakenyon@example.com
1081,Lyle Rotondo,9599079456,lylerotondo@example.com
1082,Kathryn A Taylor,8604906712,kathrynataylor@example.com
1083,Sheila Gschwind,2032174468,sheilagschwind@example.com
1084,Chris Colli,8604967565,chriscolli@example.com
1085,Jason F Smith,9591879512,jasonfsmith@example.com
1086,Michael Devine,9598437931,michaeldevine@example.com
1087,Maris LeBlanc,2037521132,marisleblanc@example.com
1088,Michael Barbaro,2033197045,michaelbarbaro@example.com
1089,Virginia R Proft,9592772589,virginiarproft@example.com
1090,Ryan Barry,2036176400,ryanbarry@example.com
1091,Armando Roman,8604051410,armandoroman@example.com
1092,Todd G Namnoun,8604184477,toddgnamnoun@example.com
1093,Kate D'addabbo,2032889248,kated'addabbo@example.com
1094,Next Level Team of RE/MAX One,4753543408,nextlevelteamofre/maxone@example.com
1095,Lou Mira,9592589342,loumira@example.com
1096,Patrick Daly,2034544110,patrickdaly@example.com
1097,Jane B Sinisgalli-Carta,8602112385,janebsinisgalli-carta@example.com
1098,Heather Billingsley,4752198466,heatherbillingsley@example.com
1099,Joe Stafford,8600684196,joestafford@example.com
1100,Gina M Lavery,2035204905,ginamlavery@example.com
1101,Gary Crawford,2037007071,garycrawford@example.com
1102,Christine Morrissette,9596502746,christinemorrissette@example.com
1103,R.Neil Howett,8604256564,r.neilhowett@example.com
1104,Brent Bowman,9593599690,brentbowman@example.com
1105,Maureen A Horowitz,8608283007,maureenahorowitz@example.com
1106,Tanja Gogic,9595478577,tanjagogic@example.com
1107,Curtiss B Clemens Sr.,2039489818,curtissbclemenssr.@example.com
1108,Frank Fonteyn,8603481624,frankfonteyn@example.com
1109,Alana Wall-Galvin,9593401859,alanawall-galvin@example.com
1110,"Joseph F Cafasso, Jr.",8603116348,"josephfcafasso,jr.@example.com"
1111,Jonathan Smith,4751438558,jonathansmith@example.com
1112,Joanne T Breen,2030796172,joannetbreen@example.com
1113,Gregg Anderson,4759985131,gregganderson@example.com
1114,Helen Krzyczynski,8600907088,helenkrzyczynski@example.com
1115,Lori Shaer,2039153294,lorishaer@example.com
1116,Carla A Neary-Bellizzi,2032887273,carlaaneary-bellizzi@example.com
1117,Krob Robinson,4750793215,krobrobinson@example.com
1118,Dick Peplau,2036099062,dickpeplau@example.com
1119,Samantha Khan,4755950097,samanthakhan@example.com
1120,Marie Padilla,2032075990,mariepadilla@example.com
1121,Bob Allan,8604673811,boballan@example.com
1122,Tina Parsadanov,9591549004,tinaparsadanov@example.com
1123,Joshua Flores,9590195488,joshuaflores@example.com
1124,Jessica L Blancato,9591191027,jessicalblancato@example.com
1125,Eric Cichon,2035724061,ericcichon@example.com
1126,Lisa Gillette,9591503226,lisagillette@example.com
1127,John M Zubretsky Jr.,2031060279,johnmzubretskyjr.@example.com
1128,Lizz M Romano,2032819692,lizzmromano@example.com
1129,Sandra Ciarleglio,8604759049,sandraciarleglio@example.com
1130,Christopher Anselmo,9591742099,christopheranselmo@example.com
1131,Tom Pentalow,2032446006,tompentalow@example.com
1132,Tony Opalenik,8601267100,tonyopalenik@example.com
1133,Stephanie N Rizzo,8607702453,stephanienrizzo@example.com
1134,THE JUVENCIO TEAM AT RE/MAX PRECISION,8608216063,thejuvencioteamatre/maxprecision@example.com
1135,Roseanne R Scacca,9591370463,roseannerscacca@example.com
1136,Candy W Moore,9593237486,candywmoore@example.com
1137,Colleen Burne,8604274011,colleenburne@example.com
1138,Michael Sklutovsky,8607957027,michaelsklutovsky@example.com
1139,Ray Marino,4756554653,raymarino@example.com
1140,Karen D Parker,2032460472,karendparker@example.com
1141,Christopher P Gerber,4759593610,christopherpgerber@example.com
1142,Mary Beth Welsh,2035816335,marybethwelsh@example.com
1143,Ty Jackson,2031758318,tyjackson@example.com
1144,Catherine M Thompson,9594574850,catherinemthompson@example.com
1145,Lisa Ziegler,2038268231,lisaziegler@example.com
1146,Kimberly Coccomo,8604502918,kimberlycoccomo@example.com
1147,Michael J Flaherty Jr,4751990727,michaeljflahertyjr@example.com
1148,Lisa J Butterfield,2038643090,lisajbutterfield@example.com
1149,Matthew Crossen,8601246441,matthewcrossen@example.com
1150,Rebecca Koladis,8605637010,rebeccakoladis@example.com
1151,Michelle H Bonneau,8601429881,michellehbonneau@example.com
1152,Mandy Fontanez,4754363569,mandyfontanez@example.com
1153,Sonia Diaz,2038518677,soniadiaz@example.com
1154,Shana Rivera,4751870978,shanarivera@example.com
1155,Doreen Amata,9593949183,doreenamata@example.com
1156,Dadrie D Broderick,2035636489,dadriedbroderick@example.com
1157,Janet J Riley,4755487321,janetjriley@example.com
1158,Richard A Ashman,8606080978,richardaashman@example.com
1159,Kristel Bolden-Gray,9596626102,kristelbolden-gray@example.com
1160,Gintare O'Shea,2034897337,gintareo'shea@example.com
1161,Beth L McIntyre,2037247126,bethlmcintyre@example.com
1162,Thomas Harris,9596452654,thomasharris@example.com
1163,Denise Chambers,4758093567,denisechambers@example.com
1164,Ayana K Taylor,2031150934,ayanaktaylor@example.com
1165,Diane Kendrick,9593378870,dianekendrick@example.com
1166,Holly A Keating,4750035138,hollyakeating@example.com
1167,Kirk A Scarlett,4752141538,kirkascarlett@example.com
1168,Fernando M Paiva,4757169842,fernandompaiva@example.com
1169,Christopher Farrell,2032572363,christopherfarrell@example.com
1170,John Waters,2038989412,johnwaters@example.com
1171,Stephanie Liriano,9599417934,stephanieliriano@example.com
1172,Richard C Lovely,8608019013,richardclovely@example.com
1173,Kraig S Arvisais,4753393886,kraigsarvisais@example.com
1174,Natalie Mendes,8603770089,nataliemendes@example.com
1175,Patricia Wheway,4750250835,patriciawheway@example.com
1176,Joel Lucas,2037147960,joellucas@example.com
1177,Ross St. Peter,8609241042,rossst.peter@example.com
1178,Erica A Jacobsen,9596084682,ericaajacobsen@example.com
1179,Brittany Moreland,4751993773,brittanymoreland@example.com
1180,Linda Domingos,4757407403,lindadomingos@example.com
1181,Mike Barile,8603360205,mikebarile@example.com
1182,WeHa Team of Canopy Brokerage Co.,9595877957,wehateamofcanopybrokerageco.@example.com
1183,Michael G Wrabel,8600603241,michaelgwrabel@example.com
1184,Melissa Blondek,8602079669,melissablondek@example.com
1185,Theresa C Paciga,8604171148,theresacpaciga@example.com
1186,Vickie N Allen,4756544255,vickienallen@example.com
1187,Steve Martin,4759656891,stevemartin@example.com
1188,Daniel Merrigan,9595907557,danielmerrigan@example.com
1189,Gloria M Clark,4751522717,gloriamclark@example.com
1190,Erik Govoni,2039087479,erikgovoni@example.com
1191,Patricia Piepul,2035215974,patriciapiepul@example.com
1192,Andrea Wagner,8606335581,andreawagner@example.com
1193,Sean Heald,2031993511,seanheald@example.com
1194,Kelsey Thompson,9593257727,kelseythompson@example.com
1195,David Senna,4756910215,davidsenna@example.com
1196,Elizabeth Stockwell,9597717826,elizabethstockwell@example.com
1197,Nicholas Kostant,8603458619,nicholaskostant@example.com
1198,Angelo Turner,4759368331,angeloturner@example.com
1199,Silvia S Winn,4752996395,silviaswinn@example.com
1200,Daniel Senofonte,4759909501,danielsenofonte@example.com
1201,Tammy J Arute,9599096576,tammyjarute@example.com
1202,Brian R Banak,9591874711,brianrbanak@example.com
1203,Christopher Piccoli,8604274006,christopherpiccoli@example.com
1204,Ralph M Harvey,4751655106,ralphmharvey@example.com
1205,DJ J Dube,4759517765,djjdube@example.com
1206,Teresa R Farrelly,8605328397,teresarfarrelly@example.com
1207,Ryan Rea,9596663026,ryanrea@example.com
1208,Diane Cordiliko,2031573296,dianecordiliko@example.com